{"cameraMode":{"drawMode":0,"name":"Shaded","section":"Shading Mode"},"sceneLighting":true,"audioPlay":false,"sceneViewState":{"showFog":true,"showMaterialUpdate":false,"showSkybox":true,"showFlares":true,"showImageEffects":true,"showParticleSystems":true},"in2DMode":false,"pivot":{"x":11.948807716369629,"y":-1.1281921863555909,"z":-15.07325553894043},"rotation":{"x":-0.0922493040561676,"y":-0.9027523994445801,"z":0.24287089705467225,"w":-0.34290483593940737},"size":6.603217601776123,"orthographic":false}