{"cameraMode":{"drawMode":0,"name":"Shaded","section":"Shading Mode"},"sceneLighting":false,"audioPlay":false,"sceneViewState":{"showFog":true,"showMaterialUpdate":false,"showSkybox":false,"showFlares":true,"showImageEffects":true,"showParticleSystems":true},"in2DMode":false,"pivot":{"x":-0.011359810829162598,"y":0.659856915473938,"z":0.18484796583652497},"rotation":{"x":0.05500282347202301,"y":-0.9355770945549011,"z":0.16821908950805665,"w":0.3057493567466736},"size":1.2903472185134888,"orthographic":false}