{"cameraMode":{"drawMode":0,"name":"Shaded","section":"Shading Mode"},"sceneLighting":false,"audioPlay":false,"sceneViewState":{"showFog":true,"showMaterialUpdate":false,"showSkybox":false,"showFlares":true,"showImageEffects":true,"showParticleSystems":true},"in2DMode":false,"pivot":{"x":0.19221210479736329,"y":0.8451050519943237,"z":0.21721646189689637},"rotation":{"x":0.05303305760025978,"y":-0.8225660920143127,"z":0.07770142704248429,"w":0.5609070062637329},"size":6.6903486251831059,"orthographic":false}