{"cameraMode":{"drawMode":0,"name":"Shaded","section":"Shading Mode"},"sceneLighting":true,"audioPlay":false,"sceneViewState":{"showFog":true,"showMaterialUpdate":false,"showSkybox":false,"showFlares":true,"showImageEffects":true,"showParticleSystems":true},"in2DMode":false,"pivot":{"x":0.16572663187980653,"y":1.3282111883163453,"z":-0.8268573880195618},"rotation":{"x":0.04357977211475372,"y":0.9542022347450256,"z":-0.2399003952741623,"w":0.17334075272083283},"size":2.60156512260437,"orthographic":false}