{"cameraMode":{"drawMode":0,"name":"Shaded","section":"Shading Mode"},"sceneLighting":true,"audioPlay":false,"sceneViewState":{"showFog":true,"showMaterialUpdate":false,"showSkybox":true,"showFlares":true,"showImageEffects":true,"showParticleSystems":true},"in2DMode":false,"pivot":{"x":0.5341361165046692,"y":5.52072286605835,"z":-17.139610290527345},"rotation":{"x":-0.5727260708808899,"y":0.015550185926258564,"z":-0.010872428305447102,"w":-0.819602906703949},"size":1.6641016006469727,"orthographic":false}