{"cameraMode":{"drawMode":0,"name":"Shaded","section":"Shading Mode"},"sceneLighting":false,"audioPlay":false,"sceneViewState":{"showFog":true,"showMaterialUpdate":false,"showSkybox":false,"showFlares":true,"showImageEffects":true,"showParticleSystems":true},"in2DMode":false,"pivot":{"x":33.91834259033203,"y":-25.77465057373047,"z":-93.12167358398438},"rotation":{"x":-0.009117413312196732,"y":-0.9716047048568726,"z":0.2334570735692978,"w":-0.037919361144304278},"size":10.0,"orthographic":false}