{"cameraMode":{"drawMode":0,"name":"Shaded","section":"Shading Mode"},"sceneLighting":true,"audioPlay":false,"sceneViewState":{"showFog":true,"showMaterialUpdate":false,"showSkybox":true,"showFlares":true,"showImageEffects":true,"showParticleSystems":true},"in2DMode":false,"pivot":{"x":1.9047545194625855,"y":0.7723954916000366,"z":-14.238909721374512},"rotation":{"x":-0.2515943646430969,"y":0.09629064053297043,"z":-0.025220954790711404,"w":-0.962787389755249},"size":1.0040850639343262,"orthographic":false}