{"cameraMode":{"drawMode":0,"name":"Shaded","section":"Shading Mode"},"sceneLighting":false,"audioPlay":false,"sceneViewState":{"showFog":true,"showMaterialUpdate":false,"showSkybox":false,"showFlares":true,"showImageEffects":true,"showParticleSystems":true},"in2DMode":false,"pivot":{"x":-0.057965394109487537,"y":0.7977291345596314,"z":0.03507290780544281},"rotation":{"x":-0.04507168382406235,"y":0.9050919413566589,"z":-0.0992385670542717,"w":-0.4110477864742279},"size":1.2198526859283448,"orthographic":false}